Date,Name,Year,Letterboxd URI
2025-03-04,Nocturnal Animals,2016,https://boxd.it/bkFu
2025-03-04,Source Code,2011,https://boxd.it/fdo
2025-03-04,Me Before You,2016,https://boxd.it/9n98
2025-03-04,Pride & Prejudice,2005,https://boxd.it/24u8
2025-03-04,Flipped,2010,https://boxd.it/Tb8
2025-03-04,The Iron Claw,2023,https://boxd.it/w5Pm
2025-03-04,Everything Everywhere All at Once,2022,https://boxd.it/jUk4
2025-03-07,Made of Honor,2008,https://boxd.it/1VsC
2025-03-07,Children of Men,2006,https://boxd.it/1Y2i
2025-03-07,I'm Still Here,2024,https://boxd.it/BPEO
2025-03-07,Saving Private Ryan,1998,https://boxd.it/29ro
2025-03-07,Oppenheimer,2023,https://boxd.it/wUow
2025-03-07,Once Upon a Time in America,1984,https://boxd.it/2aCs
2025-03-07,Inception,2010,https://boxd.it/1skk
2025-03-07,Catch Me If You Can,2002,https://boxd.it/29VS
2025-03-08,Call Me by Your Name,2017,https://boxd.it/dYmm
2025-03-08,The Truman Show,1998,https://boxd.it/18U8
2025-03-08,Barbie,2023,https://boxd.it/bCLK
2025-03-08,Little Women,2019,https://boxd.it/aSVk
2025-03-08,Blue Chips,1994,https://boxd.it/1Eu2
2025-03-08,Apocalypse Now,1979,https://boxd.it/6ZS
2025-03-08,Malcolm X,1992,https://boxd.it/27WE
2025-03-08,The Substance,2024,https://boxd.it/zanS
2025-03-08,Interstellar,2014,https://boxd.it/4VZ8
2025-03-08,The Motorcycle Diaries,2004,https://boxd.it/28nU
2025-03-08,Time for Revenge,1981,https://boxd.it/Uvo
2025-03-08,Rebellion in Patagonia,1974,https://boxd.it/4NK
2025-03-08,Sweet Money,1982,https://boxd.it/3Vtu
2025-03-08,City of God,2002,https://boxd.it/2a2a
2025-03-09,Sound of Metal,2019,https://boxd.it/i7Q4
2025-03-09,The Clan,2015,https://boxd.it/bQmO
2025-03-09,Casino,1995,https://boxd.it/2ads
2025-03-09,Nothing,2023,https://boxd.it/Jdp8
2025-03-09,Marley & Me,2008,https://boxd.it/1Ola
2025-03-09,Lev Yashin. The Dream Goalkeeper,2019,https://boxd.it/iAZE
2025-03-14,Taken,2008,https://boxd.it/1ZXa
2025-03-14,A Walk to Remember,2002,https://boxd.it/1WLq
2025-03-14,Hachi: A Dog's Tale,2009,https://boxd.it/1q4a
2025-03-16,Memories of Murder,2003,https://boxd.it/1TSo
2025-03-22,Carry-On,2024,https://boxd.it/C0B2
2025-03-30,The Godfather Part III,1990,https://boxd.it/2aN6
2025-03-31,Only the Brave,2017,https://boxd.it/dRqw
2025-03-31,The Life List,2025,https://boxd.it/LN3c
2025-04-05,Jerry Maguire,1996,https://boxd.it/1YNS
2025-04-09,Rounders,1998,https://boxd.it/1WMS
2025-04-09,Uncut Gems,2019,https://boxd.it/gXGc
2025-04-10,El Camino: A Breaking Bad Movie,2019,https://boxd.it/kv0q
2025-04-10,The Girl Next Door,2004,https://boxd.it/1VSq
2025-04-10,Eternal Sunshine of the Spotless Mind,2004,https://boxd.it/6YK
2025-04-15,In Time,2011,https://boxd.it/FPS
2025-04-17,Rush,2013,https://boxd.it/3lyS
2025-04-18,The Devil's Advocate,1997,https://boxd.it/286k
2025-04-19,Manchester by the Sea,2016,https://boxd.it/b2L0
2025-04-19,The Departed,2006,https://boxd.it/28MA
2025-04-25,Dead Poets Society,1989,https://boxd.it/2aSg
2025-04-25,Patch Adams,1998,https://boxd.it/1Wzk
2025-04-29,The Perks of Being a Wallflower,2012,https://boxd.it/2ZA8
2025-05-12,Steve Jobs,2015,https://boxd.it/araG
2025-05-23,The Voyeurs,2021,https://boxd.it/nZoe
2025-06-01,Frankie and Johnny,1991,https://boxd.it/250S
2025-06-01,The Pursuit of Happyness,2006,https://boxd.it/28PE
2025-06-17,Fathers and Daughters,2015,https://boxd.it/7t0W
2025-07-06,The Transporter,2002,https://boxd.it/24Nu
2025-07-08,The Town,2010,https://boxd.it/1zyS
2025-07-12,The Apprentice,2024,https://boxd.it/IPqG
2025-07-24,Better Man,2024,https://boxd.it/u6t8
2025-07-25,Ford v Ferrari,2019,https://boxd.it/ce74
2025-07-29,Love & Other Drugs,2010,https://boxd.it/UIi
2025-07-29,Arbitrage,2012,https://boxd.it/fDc
2025-07-30,Hacksaw Ridge,2016,https://boxd.it/azew
2025-07-31,Cop Land,1997,https://boxd.it/27ly
2025-08-01,Dog Day Afternoon,1975,https://boxd.it/29bg
2025-08-05,Materialists,2025,https://boxd.it/GZlW
2025-08-06,The Aviator,2004,https://boxd.it/26BU
2025-08-09,Aftersun,2022,https://boxd.it/Arw0
2025-08-19,Southpaw,2015,https://boxd.it/9Phu
2025-08-26,Vanilla Sky,2001,https://boxd.it/27TK
2025-08-31,Midsommar,2019,https://boxd.it/jhxe
2025-09-06,Heretic,2024,https://boxd.it/H1lY
2025-09-06,Rain Man,1988,https://boxd.it/2avw
2025-09-08,Chinatown,1974,https://boxd.it/29vU
2025-09-13,Licorice Pizza,2021,https://boxd.it/qTKY
2025-09-13,Punch-Drunk Love,2002,https://boxd.it/20E4
2025-09-13,Phantom Thread,2017,https://boxd.it/e4uc
2025-09-13,Magnolia,1999,https://boxd.it/2aze
2025-09-16,All the Bright Places,2020,https://boxd.it/bpfQ
2025-09-20,Margin Call,2011,https://boxd.it/CJ8
2025-09-20,The Shawshank Redemption,1994,https://boxd.it/2aHi
2025-09-26,Two for the Money,2005,https://boxd.it/1Xy8
2025-09-27,Batman Begins,2005,https://boxd.it/2aIg
2025-10-07,The Conversation,1974,https://boxd.it/2a38
2025-10-07,The Freshman,1990,https://boxd.it/1WUW
2025-10-08,The Smashing Machine,2025,https://boxd.it/syUC
2025-10-10,Full Metal Jacket,1987,https://boxd.it/2a1Q
2025-10-12,Unforgiven,1992,https://boxd.it/6Z4
2025-10-15,Unbroken,2014,https://boxd.it/6IaA
2025-10-15,On the Waterfront,1954,https://boxd.it/29TC
2025-10-15,A Streetcar Named Desire,1951,https://boxd.it/29Mc
2025-10-15,Don Juan DeMarco,1994,https://boxd.it/27SM
2025-10-15,Brando: The Documentary,2007,https://boxd.it/NFg2
2025-10-15,Donnie Brasco,1997,https://boxd.it/1YRA
2025-10-22,Cinema Paradiso,1988,https://boxd.it/1UlA
2025-10-24,The Lucky One,2012,https://boxd.it/2HlY
2025-10-27,Boiler Room,2000,https://boxd.it/1OBi
2025-10-27,Wall Street,1987,https://boxd.it/1VFG
2025-10-29,Babylon,2022,https://boxd.it/mM02
2025-11-08,Air,2023,https://boxd.it/Arlc
2025-11-23,Love Story,1970,https://boxd.it/1Zgg
2025-11-23,The Dark Knight Rises,2012,https://boxd.it/H3m
2025-11-23,A Separation,2011,https://boxd.it/gvo
2025-11-25,The Batman,2022,https://boxd.it/eDGs
2025-11-27,Uncharted,2022,https://boxd.it/b5Dy
2025-11-28,Because I Said So,2007,https://boxd.it/28ZE
2025-12-07,27 Dresses,2008,https://boxd.it/21x4
2025-12-12,Pretty Woman,1990,https://boxd.it/2b6M
2025-12-14,Old School,2003,https://boxd.it/1TmM
2025-12-16,American History X,1998,https://boxd.it/2bdo
2025-12-29,"Good Morning, Vietnam",1987,https://boxd.it/29Aq
2025-12-29,Insomnia,2002,https://boxd.it/2aB0
2025-12-29,Awakenings,1990,https://boxd.it/1USu
2025-12-29,Ray,2004,https://boxd.it/28km
2026-01-17,Mr. & Mrs. Smith,2005,https://boxd.it/29CG
2026-01-19,The Game Plan,2007,https://boxd.it/1PDY
2026-01-26,Limitless,2011,https://boxd.it/Aly
2026-02-01,Revolutionary Road,2008,https://boxd.it/24Le
2026-02-10,Deep Water,2022,https://boxd.it/mVHk
2026-02-10,Gone with the Wind,1939,https://boxd.it/29Fq
2026-02-10,Wuthering Heights,2026,https://boxd.it/OdIa
2026-02-15,Before the Flood,2016,https://boxd.it/et2W
2026-02-23,Edge of Tomorrow,2014,https://boxd.it/4pD0
2026-02-24,Inglourious Basterds,2009,https://boxd.it/1JzG
2026-02-24,Once Upon a Time... in Hollywood,2019,https://boxd.it/gH0O
2026-02-24,EPiC: Elvis Presley in Concert,2025,https://boxd.it/TuDQ
2026-02-25,Great Expectations,1998,https://boxd.it/1YKE
2026-02-27,God's Crooked Lines,2022,https://boxd.it/xEUS
2026-02-27,This Is Where I Leave You,2014,https://boxd.it/73kQ
2026-02-28,Horrible Bosses,2011,https://boxd.it/Ba2
2026-02-28,Horrible Bosses 2,2014,https://boxd.it/6HWy
2026-03-03,Sinners,2025,https://boxd.it/KQMM
2026-03-03,Harakiri,1962,https://boxd.it/1NTU
2026-03-04,Yi Yi,2000,https://boxd.it/1vCw
2026-03-04,Oldboy,2003,https://boxd.it/29R2
2026-03-04,Serpico,1973,https://boxd.it/1ZjE
2026-03-04,The King of Comedy,1982,https://boxd.it/2aJS
2026-03-04,A Clockwork Orange,1971,https://boxd.it/2aVE
2026-03-04,Serendipity,2001,https://boxd.it/1XPy
2026-03-05,Perfect Days,2023,https://boxd.it/ATh8
2026-03-13,When Harry Met Sally...,1989,https://boxd.it/29W2
2026-03-16,No Reservations,2007,https://boxd.it/256w
2026-03-22,Moonlight,2016,https://boxd.it/d6bE
2026-03-25,Letters to Juliet,2010,https://boxd.it/19aK
2026-03-25,The Kid,1921,https://boxd.it/1X5U
2026-03-25,No Strings Attached,2011,https://boxd.it/YUs
2026-04-05,Red Eye,2005,https://boxd.it/1TNy
2026-04-05,A Bronx Tale,1993,https://boxd.it/28uQ
2026-04-07,You Were Never Lovelier,1942,https://boxd.it/TAM
2026-04-07,Set It Up,2018,https://boxd.it/dpik
2026-04-08,The Swimming Pool,1969,https://boxd.it/23BC
2026-04-09,The Bucket List,2007,https://boxd.it/20Ye
2026-04-11,Platoon,1986,https://boxd.it/29BS
2026-04-13,Sweetheart,2025,https://boxd.it/Wayi
2026-04-13,Casino Royale,2006,https://boxd.it/1alk
2026-04-17,Warrior,2011,https://boxd.it/i3G
2026-04-20,Derailed,2005,https://boxd.it/1Zps
2026-04-22,"New York, New York",1977,https://boxd.it/1Rw6
2026-04-22,Donnie Darko,2001,https://boxd.it/2b2A
2026-04-24,Shutter Island,2010,https://boxd.it/1U82
2026-04-27,The Devil Wears Prada,2006,https://boxd.it/2awE
2026-05-02,Drive,2011,https://boxd.it/IG
2026-05-02,Prisoners,2013,https://boxd.it/4E5i
2026-05-02,Zodiac,2007,https://boxd.it/27MO
2026-05-02,Nightcrawler,2014,https://boxd.it/780m
2026-05-03,Zoolander,2001,https://boxd.it/1YMA
2026-05-11,The Bridges of Madison County,1995,https://boxd.it/29Os
2026-05-11,One Flew Over the Cuckoo's Nest,1975,https://boxd.it/2aeA
2026-05-12,Barry Lyndon,1975,https://boxd.it/25A2
2026-05-13,Moneyball,2011,https://boxd.it/glS
2026-05-19,Boyz n the Hood,1991,https://boxd.it/29Ug
2026-05-24,The Blues Brothers,1980,https://boxd.it/2adi
2026-05-25,C'mon C'mon,2021,https://boxd.it/nrI0
2026-05-29,Solo Mio,2026,https://boxd.it/NgWM
2026-05-29,First Daughter,2004,https://boxd.it/1P0W
2026-05-30,Rush Hour,1998,https://boxd.it/27pU
2026-05-30,Alexander,2004,https://boxd.it/27K4
2026-05-30,Napoleon,1927,https://boxd.it/WEC
2026-05-30,Gladiator,2000,https://boxd.it/2b9m
2026-05-30,Gladiator II,2024,https://boxd.it/kqQQ
2026-06-06,It's a Wonderful Life,1946,https://boxd.it/28xA
2026-06-14,Weapons,2025,https://boxd.it/EMTM
2026-06-15,Bullet Train,2022,https://boxd.it/qW26
2026-06-21,Dirty Dancing,1987,https://boxd.it/2baY
2026-06-21,Eternity,2025,https://boxd.it/LYtK
2026-06-21,Moonstruck,1987,https://boxd.it/27zg
2026-06-21,Sleepless in Seattle,1993,https://boxd.it/29re
2026-06-21,Only You,1994,https://boxd.it/1ZgU
2026-06-21,While You Were Sleeping,1995,https://boxd.it/27wm
2026-06-21,French Kiss,1995,https://boxd.it/2atA
2026-06-21,Sliding Doors,1998,https://boxd.it/1WNG
2026-06-21,You've Got Mail,1998,https://boxd.it/1Yye
2026-06-21,Birthday Girl,2001,https://boxd.it/27tM
2026-06-21,Down with Love,2003,https://boxd.it/1VyA
2026-06-21,Latter Days,2003,https://boxd.it/1LGu
2026-06-21,Laws of Attraction,2004,https://boxd.it/1Uxc
2026-06-21,Saving Face,2004,https://boxd.it/1Fj0
2026-06-21,Imagine Me & You,2005,https://boxd.it/28E2
2026-06-21,Music and Lyrics,2007,https://boxd.it/1Usw
2026-06-21,Nick and Norah's Infinite Playlist,2008,https://boxd.it/1Slo
2026-06-21,Past Lives,2023,https://boxd.it/oNB8
2026-06-21,One Day,2011,https://boxd.it/Asu
2026-06-21,Brokeback Mountain,2005,https://boxd.it/2b2q
2026-06-22,50 First Dates,2004,https://boxd.it/285c
2026-06-22,Silver Linings Playbook,2012,https://boxd.it/2TTo
2026-06-23,Friends with Benefits,2011,https://boxd.it/DoK
2026-07-02,Green Book,2018,https://boxd.it/hErk
2026-07-07,Stuck in Love,2012,https://boxd.it/3L08
2026-07-08,Metropolis,1927,https://boxd.it/71a
2026-07-11,Midnight in Paris,2011,https://boxd.it/i4a
2026-07-14,"Sorry, Baby",2025,https://boxd.it/JKNi
2026-07-18,Big Fish,2003,https://boxd.it/2a3M
2026-07-18,The Best Years of Our Lives,1946,https://boxd.it/29my
2026-08-02,The Addams Family,1991,https://boxd.it/267g
2026-08-04,Proof,2005,https://boxd.it/1XPI
2026-08-29,Tony,2026,https://boxd.it/OJaa
